<?xml version="1.0" encoding="UTF-8"?>
<project-private xmlns="http://www.netbeans.org/ns/project-private/1">
    <editor-bookmarks xmlns="http://www.netbeans.org/ns/editor-bookmarks/2" lastBookmarkId="0"/>
    <open-files xmlns="http://www.netbeans.org/ns/projectui-open-files/2">
        <group>
            <file>file:/D:/Nacho/6to%20semestre/IA/MS1/Mentalfis/src/Inferencia/FCL_psi.fcl</file>
            <file>file:/D:/Nacho/6to%20semestre/IA/MS1/Mentalfis/src/Inferencia/FIS_psi.java</file>
            <file>file:/D:/Nacho/6to%20semestre/IA/MS1/Mentalfis/src/Inferencia/fisesito.java</file>
        </group>
    </open-files>
</project-private>
