<?xml version="1.0" encoding="UTF-8"?>
<project-private xmlns="http://www.netbeans.org/ns/project-private/1">
    <editor-bookmarks xmlns="http://www.netbeans.org/ns/editor-bookmarks/2" lastBookmarkId="0"/>
    <open-files xmlns="http://www.netbeans.org/ns/projectui-open-files/2">
        <group>
            <file>file:/D:/Documentos/NetBeansProjects/Intento1/src/intento1/fisesito.java</file>
            <file>file:/D:/Documentos/NetBeansProjects/Intento1/src/intento1/FIS_psi.java</file>
            <file>file:/D:/Documentos/NetBeansProjects/Intento1/src/intento1/FCL_psi.fcl</file>
        </group>
    </open-files>
</project-private>
